{
    "3_1_i": 4.1311981203373085,
    "2_2_i": 2.976213874606466,
    "4_2_i": 0.24257999203756805,
    "3_3_i": 3.9917598713803994,
    "2_4_i": 4.199073132991508,
    "4_4_i": 5.679563011744061
}