{
    "1_1_i": 3.5714285714285716,
    "1_3_i": 3.0612244897959187,
    "1_5_i": 3.673469387755102,
    "6_1_i": 3.5714285714285716,
    "6_3_i": 3.4693877551020407,
    "6_5_i": 3.7755102040816326
}